"iter","n_sites","n_years","spatialTF","mean_N","mean_N_est","N_se","RMSE","theta","theta_hat","rhot","rhot_hat","theta_st","theta_st_hat","sigmat","sigmat_hat","rho_st","rho_st_hat","gamma_j","gamma_j_hat","model"
1,200,10,0,52.3565459610028,51.272682804888,0.162491790428569,20.6756719066883,0.1,1,0.8,0,0.1,1,0.1,1,0.5,0,0.5,0.512418661154966,"null"
1,200,10,1,52.3565459610028,51.3187173182223,0.1628221039636,18.7069220234297,0.1,1,0.8,0.996700679881161,0.1,1,0.1,3.01594324144083,0.5,0,0.5,0.510754155243968,"T"
1,200,10,2,52.3565459610028,51.7052581709613,0.312577936547428,16.9725655303044,0.1,121.796568576192,0.8,0,0.1,1,0.1,1,0.5,0,0.5,0.479299422884032,"S"
1,200,10,3,52.3565459610028,39.8463219679131,1.17218870429496,31.9495057183971,0.1,1,0.8,0,0.1,0.578371703997592,0.1,1,0.5,0.990744627833479,0.5,0.0601135178225664,"ST"
1,200,10,4,52.3565459610028,51.6008674552982,0.309903020543207,9.66704357614346,0.1,1,0.8,0.99173129176518,0.1,0.0515643370682565,0.1,1.85605168292523,0.5,0.866518284283132,0.5,0.482072883530544,"T-ST"
1,200,10,5,52.3565459610028,51.7581279196537,0.299329022649448,9.47424902298745,0.1,5.34820898479051,0.8,0,0.1,0.0250016918007973,0.1,1,0.5,0.237020392966054,0.5,0.479479770210935,"S-ST"
1,200,10,6,52.3565459610028,51.7253691932939,0.303331923789245,9.36814602261007,0.1,3.4010137434784,0.8,0.95366488833674,0.1,0.060285942907791,0.1,1.73163870594843,0.5,0.16563122473313,0.5,0.480335708779913,"S-T-ST"
